Actual,Actual rescaled,DeepCRISPR,DeepCas9,DeepSpCas9,DeepHF,CRISPRLearner,CNN-SVR,C-RNNCrispr,Azimuth 2.0,E-CRISP,OHE Average,Average,23-nt sequence,30-nt sequence
0.13,0.1625,0.31939778,0.506744456,0.57852,0.358923644,0.5361762,0.183243733,0.262245,0.446472406,55.41598405,0.4407104,0.462783661,GGTGATGGCCATGTCTGTCCTGG,CTAGGGTGATGGCCATGTCTGTCCTGGTCC
0.38,0.475,0.43703425,1.02763679,0.6592,0.618392706,0.54366636,0.111597603,0.2053099,0.614193188,60.67425273,0.50175285,0.684516057,GGTGAACGAGTGAGCTACTGTGG,ACCTGGTGAACGAGTGAGCTACTGTGGTAC
0.33,0.4125,0.09851113,0.520423745,0.41611,0.598814249,0.54641914,0.111597603,0.103645176,0.448007012,65.23123693,0.40107417,0.370762972,GGACATGGAGAGGGTGGAAAGGG,AATAGGACATGGAGAGGGTGGAAAGGGGGT
0,0,0.12040973,0.503238073,0.2001,0.345727801,0.20780522,0.285851704,0.16816095,0.406755396,62.32076624,0.40400386,0.3076258,GGCGAGATCTCTTACTTAGAGGG,TTGAGGCGAGATCTCTTACTTAGAGGGAAA
0.21,0.2625,0.34006447,0.690219921,0.54073,0.644601882,0.67335606,0.111597603,0.24815075,0.564568921,60.82567346,0.43878362,0.533895828,GGGTGTTGACAGGGGTACACGGG,GAGTGGGTGTTGACAGGGGTACACGGGGTC
0.04,0.05,0.26154816,0.749033454,0.58838,0.352591753,0.30342653,0.261753018,0.17409882,0.5059652,57.63150912,0.4479309,0.526231704,GGATTCCCCAACACCCATGCAGG,AAATGGATTCCCCAACACCCATGCAGGAGG
0,0,0.25486615,0.630263242,0.50398,0.43704918,0.40262178,0.309082185,0.15983346,0.442829179,60.56551575,0.41612908,0.457984643,GGCTTCAGCGATCCTGCTGGTGG,GGTGGGCTTCAGCGATCCTGCTGGTGGGCC
0.08,0.1,0.25822684,1.4232216,0.59467,0.618095636,0.69957817,0.229236575,0.32598972,0.602189092,74.67797833,0.5683809,0.719576883,GGATCGCTGAAGCCCACCGGTGG,AGCAGGATCGCTGAAGCCCACCGGTGGAGA
0.17,0.2125,0.13981427,0.263970187,0.30774,0.37190187,0.5729339,0.111597603,0.29109472,0.535399191,52.54587424,0.37182286,0.311730912,GGCGCTAATGACTGCCGTAAAGG,GTCAGGCGCTAATGACTGCCGTAAAGGGGG
0.5,0.625,0.20234524,0.910723519,0.38893,0.322874546,0.48928124,0.18562538,0.117320985,0.526811069,68.09214442,0.45832217,0.507202457,GGAAGTCAATGCACAAAAGAGGG,AAATGGAAGTCAATGCACAAAAGAGGGAAA
0.63,0.7875,0.26889035,0.911610708,0.63374,0.514762163,0.50525165,0.279720557,0.2961766,0.562441054,67.28166444,0.5049346,0.594170528,GGAAAGGTCCAGACCGCTGTGGG,AAGTGGAAAGGTCCAGACCGCTGTGGGCAG
0.29,0.3625,0.16296566,1.160093701,0.68066,0.424166769,0.43625098,0.111597603,0.10851166,0.564862493,68.47497354,0.525016,0.642145463,GGCCTGACCACAACACACACAGG,CACAGGCCTGACCACAACACACACAGGCAA
0,0,0.124085724,0.036862531,0.07545,0,0.25681442,0.20683869,0.10517916,0.406344228,54.83475686,0.34052792,0.160685621,GGTTGTTGCCACATCTTAGCTGG,TTTTGGTTGTTGCCACATCTTAGCTGGAGC
0,0,0.2651699,0.890969324,0.51512,0.521884918,0.63503546,0.283401706,0.13440746,0.639041382,53.33166132,0.42895165,0.577575151,GGATAGATAGTGTGCGTGTGTGG,AGAAGGATAGATAGTGTGCGTGTGTGGCGC
0.42,0.525,0.34974948,0.831689158,0.6982,0.643637657,0.7301148,0.301223728,0.24715307,0.612704612,74.93555358,0.50880355,0.623085812,GGGTAGGTGTGGGTATCGGTCGG,AAGGGGGTAGGTGTGGGTATCGGTCGGTCG
0,0,0.24927749,0.887545502,0.60068,0.613941908,0.69752395,0.239160688,0.41321805,0.597545433,69.35320458,0.4972614,0.583762106,GGATTGGTGAATGGCCCCCAAGG,AAGTGGATTGGTGAATGGCCCCCAAGGTTT
0.17,0.2125,0.19061191,0.477469108,0.32547,0.303297758,0.59938866,0.298069578,0.24344385,0.466537169,62.5236725,0.4216571,0.365022047,GGAAGATGCCAATCACCCTTTGG,TCAGGGAAGATGCCAATCACCCTTTGGTTT
0,0,0.20236708,0.284761426,0.46762,0.201811641,0.2363163,0.111597603,0.16741431,0.620547483,61.46028615,0.38132513,0.393823997,GGTTTCACCACAAGGTCACTAGG,CTTTGGTTTCACCACAAGGTCACTAGGAAG
0.04,0.05,0.19800052,0.450600177,0.50402,0.460691571,0.29093587,0.20455125,0.22655174,0.656868836,60.66518314,0.43238986,0.452372383,GGGCGAACGAAAGTATGTCTCGG,CGGCGGGCGAACGAAAGTATGTCTCGGATT
0,0,0.11959395,0.379997259,0.25616,0.440589428,0.5580667,0.111597603,0.117397934,0.433317084,59.21109425,0.36270037,0.297267073,GGCCAGCAGTGTTGAGCAGCCGG,GGGCGGCCAGCAGTGTTGAGCAGCCGGGAA
0.24,0.3,0.2561141,0.54277007,0.48479,0.517288148,0.56410956,0.189114871,0.23026794,0.581784189,69.68477736,0.45448986,0.46636459,GGGAAGGGTTTGCAGTCCGCCGG,AGCCGGGAAGGGTTTGCAGTCCGCCGGACA
0.26,0.325,0.1547172,0.845333141,0.68381,0.518581808,0.14677402,0.111597603,0.15542671,0.581968072,65.98869327,0.47769478,0.566457103,GGTGGCTGTCATCGTCTGCAGGG,TAATGGTGGCTGTCATCGTCTGCAGGGCAT
0.08,0.1,0.18626827,0.503409597,0.26612,0.438504636,0.5563997,0.304631031,0.1328522,0.431050653,65.98178521,0.40960106,0.34671213,GGTGGCGGAGGGGAGAAAATCGG,TAGCGGTGGCGGAGGGGAGAAAATCGGCCT
0.1,0.125,0.13874811,0.798485634,0.59343,0.402861446,0.5394501,0.288803665,0.124643505,0.512324995,57.71059986,0.44940984,0.510747185,GGAGAGAGGACGCTTTGTGCTGG,TGAAGGAGAGAGGACGCTTTGTGCTGGCTT
0.09,0.1125,0.11081989,0.170473528,0.09386,0.264582038,0.4928964,0.111597603,0.10995945,0.231289365,50.05784456,0.36673716,0.151610696,GGTGGAAGAGCCATCTTAAATGG,TTAAGGTGGAAGAGCCATCTTAAATGGAAA
0.3,0.375,0.15400684,0.529547954,0.58049,0.43065834,0.2590374,0.111597603,0.27422506,0.494340269,61.08605055,0.45462194,0.439596266,GGAGAATGAGAAGCTTCCTCTGG,ACGGGGAGAATGAGAAGCTTCCTCTGGAGA
0,0,0.14271376,0.864415985,0.45157,0.32085079,0.39381462,0.287961578,0.2110058,0.617532388,71.45678278,0.5182478,0.519058033,GGTCGACTTCAAGTTCGGGGAGG,GTGCGGTCGACTTCAAGTTCGGGGAGGGGG
0.43,0.5375,0.2545178,0.784793139,0.53359,0.596873403,0.3934105,0.241269634,0.22321159,0.616904268,59.80208222,0.4960206,0.547451302,GGGGCATAGAATGGCTTGCGTGG,ATCCGGGGCATAGAATGGCTTGCGTGGCGT
0,0,0.11296587,0.186121967,0.37188,0.486847937,0.5459255,0.205556745,0.2668207,0.439802807,52.52688618,0.37303385,0.277692661,GGCAATATATAAGAGGTGTCGGG,TGCAGGCAATATATAAGAGGTGTCGGGGTG
0,0,0.12838759,0.314819324,0.11645,0.252437592,0.57695943,0.111597603,0.10275325,0.353706243,56.36673787,0.36697295,0.228340789,GGGTTTCCTTTGTTCCTAAAGGG,AAATGGGTTTCCTTTGTTCCTAAAGGGATC
0.48,0.6,0.2332075,0.897912526,0.65477,0.620079637,0.5632563,0.308194987,0.26543576,0.622544162,78.74766284,0.5243587,0.602108547,GGGTGAGCGTGACTGTAGCGCGG,CGCGGGGTGAGCGTGACTGTAGCGCGGGAG
0.8,1,0.17834203,0.426492342,0.51114,0.746103346,0.6737667,0.111597603,0.34167913,0.607805447,61.25635087,0.43010688,0.430944955,GGGAATGGGTAAGACGCGCTGGG,TATCGGGAATGGGTAAGACGCGCTGGGATA
0.35,0.4375,0.20937352,0.19589662,0.14065,0.411372155,0.55503446,0.111597603,0.20809153,0.453813667,57.65355573,0.33444652,0.249933452,GGCTTTATTGAGCCGTGTATGGG,GCCCGGCTTTATTGAGCCGTGTATGGGTCT
0.08,0.1,0.24464445,0.398680592,0.52046,0.522449374,0.5282763,0.301886959,0.22910973,0.437919738,59.93307115,0.40394044,0.400426195,GGTGAGGCGCTATGGAAGGCAGG,ACGGGGTGAGGCGCTATGGAAGGCAGGGAG
0.67,0.8375,0.1761326,0.705500266,0.52717,0.572415054,0.6514619,0.281940272,0.17427155,0.561165248,68.36631223,0.48994175,0.492492029,GCAGTTCGAGTTGTTGGGGAAGG,ATCTGCAGTTCGAGTTGTTGGGGAAGGCAG
0.05,0.0625,0.22241744,0.972114128,0.71552,0.627566516,0.6343962,0.111597603,0.4396446,0.623162464,71.83841043,0.52877945,0.633303508,GACTGGAGACGTGGTGACCGAGG,GAAGGACTGGAGACGTGGTGACCGAGGCTG
0.17,0.2125,0.28881532,0.578062436,0.46744,0.426279724,0.49450627,0.180143002,0.1690771,0.495584993,61.6056063,0.4638747,0.457475687,GCCCCTTGTCTGCAGAGCAAAGG,TCGCGCCCCTTGTCTGCAGAGCAAAGGGCG
0.05,0.0625,0.18378453,0.516808352,0.5255,0.586737275,0.4150852,0.111597603,0.15031824,0.513952269,58.71581232,0.40725562,0.435011288,GAGGCCCCTCTCCCTGGAGAAGG,AAAGGAGGCCCCTCTCCCTGGAGAAGGGAG
0.05,0.0625,0.16440034,1.101931667,0.58155,0.580635369,0.7123132,0.20433231,0.32542342,0.484817935,76.1641625,0.515852,0.583174986,GATGAGAATGCGCTCCGCCAGGG,GAGAGATGAGAATGCGCTCCGCCAGGGCCT
0.28,0.35,0.26775327,0.110148391,0.30976,0.285756111,0.45200124,0.174756381,0.23320846,0.225658908,54.70016037,0.3215734,0.228330142,GGATAGCCCAGAGGGGGGTTTGG,GGTTGGATAGCCCAGAGGGGGGTTTGGGAG
0.17,0.2125,0.24898334,0.013177383,0.38433,0.44193992,0.19472842,0.257604241,0.19243065,0.369819662,53.89598757,0.3649949,0.254077596,GGCTGACCCGGTCCTTGGCTTGG,TGAGGGCTGACCCGGTCCTTGGCTTGGAGA
0,0,0.15337338,0.97380507,0.66527,0.637144327,0.5745943,0.313037219,0.16749391,0.595650528,57.91948087,0.51604545,0.597024744,GTGGAGACTACTGCTTAATGAGG,TCAAGTGGAGACTACTGCTTAATGAGGAAG
0,0,0.4454283,-0.025416741,0.0059,0.084182143,0.17620541,0.307388626,0.46732914,0.301185577,43.77316989,0.2597516,0.181774284,GGCGGCTCATATTTTGCTTTTGG,AGATGGCGGCTCATATTTTGCTTTTGGATT
0.25,0.3125,0.15486985,0.126712286,0.47661,0.526257098,0.47518036,0.214151304,0.22226939,0.505849049,52.21158639,0.36780354,0.316010296,GCGGTAACGAGCAGTTGGTCAGG,CTTTGCGGTAACGAGCAGTTGGTCAGGTGT
0,0,0.18615387,0.841729721,0.40086,0.559519887,0.64101964,0.200461436,0.2788936,0.644120022,72.51282817,0.47506943,0.518215903,GATAGCGTTGTGAAAGCGGACGG,TAAAGATAGCGTTGTGAAAGCGGACGGTCC
0.21,0.2625,0.14638805,0.812036675,0.42251,0.149479747,0.22042626,0.313431366,0.28764766,0.638377412,65.67658615,0.53666425,0.504828034,GAAAAAATATATACGCTGGGTGG,AAAGGAAAAAATATATACGCTGGGTGGCAA
0.07,0.0875,0.15946724,0.72910794,0.50498,0.398546547,0.46297973,0.222763233,0.2719659,0.56096525,62.36928633,0.38588533,0.488630108,GGTTATGTGTAAGCTACACCAGG,AATAGGTTATGTGTAAGCTACACCAGGGGT
0.14,0.175,0.28602904,0.209482989,0.12235,0.23586297,0.29294753,0.238484594,0.28188968,0.413922666,46.18187094,0.36177754,0.257946174,GCCTTTCAAAAACATAATTTAGG,ATTTGCCTTTCAAAAACATAATTTAGGACA
0.14,0.175,0.18646762,0.379189733,0.25111,0.103808761,0.39128116,0.111597603,0.18642405,0.556975609,64.83149505,0.45097712,0.343435741,GTAAATTAGCAAAAGCCTCAGGG,GTTCGTAAATTAGCAAAAGCCTCAGGGGCT
0.5,0.625,0.3481862,1.258357286,0.69926,0.612892807,0.5343123,0.29961065,0.44778588,0.626098662,68.218353,0.5250557,0.732975537,GGAGGAGCCAGAGAACGACCGGG,TCGCGGAGGAGCCAGAGAACGACCGGGAGG
0,0,0.43930227,1.035178995,0.69823,0.624795854,0.52522105,0.313663896,0.17476332,0.627744317,65.43197094,0.51187676,0.700113896,GAGAAGATGGCGGAAGAACGAGG,TGTTGAGAAGATGGCGGAAGAACGAGGATT
0.07,0.0875,0.18733089,0.912373781,0.58988,0.61068207,0.594342,0.253929269,0.11683944,0.635734545,62.06368861,0.46378335,0.581329804,GACAGAGCTCTGCCAGTGAGTGG,TTATGACAGAGCTCTGCCAGTGAGTGGTTG
0.8,1,0.10495506,0.832669222,0.53645,0.630198359,0.47103655,0.311704149,0.34503925,0.533197737,61.99771942,0.5166795,0.501818005,GGTCCCGTGTGCTGCTACTGCGG,TTTCGGTCCCGTGTGCTGCTACTGCGGCGC
0,0,0.16401696,1.028533292,0.6492,0.491749108,0.07562399,0.249648306,0.15274489,0.649294538,73.94455046,0.51685923,0.622761198,GGTCAGATAAGGCAAGAAAGAGG,AACAGGTCAGATAAGGCAAGAAAGAGGAGC
0,0,0.1330865,0.310284483,0.05922,0,0.19234622,0.160777623,0.26508504,0.436421182,57.02584286,0.38988745,0.234753041,GGACATTTTAGTCTTTCAAATGG,CTTTGGACATTTTAGTCTTTCAAATGGCTG
0,0,0.10833272,0.658196101,0.45963,0.367468685,0.16543305,0.247191872,0.22055632,0.549637631,55.53663914,0.4237032,0.443949113,GGTCAACTTATCAGGATGAAGGG,GGAAGGTCAACTTATCAGGATGAAGGGCGG
0.38,0.475,0.3165221,0.425104794,0.62871,0.411822617,0.6383314,0.243673124,0.12771943,0.483042899,63.17128902,0.41914546,0.463344948,GTATAGTAGTTCCTATCATACGG,GTTGGTATAGTAGTTCCTATCATACGGATG
0.1,0.125,0.17321882,0.954594254,0.59517,0.52147311,0.2689075,0.255673122,0.1647377,0.588401315,58.74692313,0.49958634,0.577846097,GTGTTCTGAGTTTTCATGAGAGG,TCAAGTGTTCTGAGTTTTCATGAGAGGAAG
0,0,0.2049095,0.411859903,0.22749,0.026582658,0.30098844,0.185650685,0.27664238,0.513827342,54.41925356,0.3507391,0.339521686,GGTAAAACAACATTAGCATTAGG,ATATGGTAAAACAACATTAGCATTAGGCCT
0.25,0.3125,0.3487426,0.987871325,0.7194,0.695239127,0.74276125,0.111597603,0.2006914,0.614279618,60.99171027,0.48479137,0.667573386,GAGTAGCGAGGCCTCAGTGTGGG,GGAAGAGTAGCGAGGCCTCAGTGTGGGAAA
0,0,0.15057027,0.518809685,0.43695,0.533080399,0.5311798,0.305695986,0.21890965,0.622899521,56.6451378,0.38491106,0.432307369,GTCGTAGTGACATTCAGTATAGG,AATAGTCGTAGTGACATTCAGTATAGGCTA
0,0,0.27140042,0.400505689,0.25395,0.326444983,0.3146611,0.183042752,0.2072306,0.393856546,48.60962742,0.37487373,0.329928164,GTCAGTTAGTACATAAATATAGG,TAAAGTCAGTTAGTACATAAATATAGGCAA
0,0,0.18276039,0.446733984,0.32437,0.423308611,0.60552025,0.188801078,0.1330024,0.362031484,50.02372031,0.31927797,0.328973965,GTAGTAGGGCTGCACGATTCTGG,GCGAGTAGTAGGGCTGCACGATTCTGGCTA
0,0,0.15057454,0.678396778,0.28806,0.211824715,0.19150528,0.310261826,0.23734319,0.551000076,54.47073084,0.45007563,0.417007848,GAATAAAGGTTTATATGAGAAGG,TGTAGAATAAAGGTTTATATGAGAAGGCTA
0,0,0.2471416,0.94519248,0.51572,0.500141025,0.27938893,0.265275382,0.11054894,0.57850274,68.63314521,0.51855886,0.571639205,GCATAGAGTTTCACATTCAGAGG,CTAAGCATAGAGTTTCACATTCAGAGGCAA
0,0,0.19475538,1.167988157,0.65209,0.322658926,0.18776128,0.272181365,0.15596241,0.724014021,64.03662327,0.53538704,0.68471189,GATGACACTAAATCTATGAGTGG,ATGTGATGACACTAAATCTATGAGTGGACC
0.05,0.0625,0.31613275,0.472211593,0.39917,0.271876723,0.09053555,0.111597603,0.16316247,0.603044626,57.80373829,0.47147977,0.447639742,GCATGTTTACCTAATCATTGTGG,ATTTGCATGTTTACCTAATCATTGTGGAAA
0.19,0.2375,0.15101282,0.459380966,0.29485,0.364365071,0.48844826,0.222948329,0.43662965,0.516961778,56.30218538,0.40728164,0.355551391,GTAAAAGGTTAAGACAAGATTGG,GCAGGTAAAAGGTTAAGACAAGATTGGGTG
0,0,0.26712,0.429606989,0.22016,0.234042585,0.5643151,0.251115409,0.1947115,0.484702567,53.32216331,0.4118924,0.350397389,GGACATTTTTGATGAAAGGTTGG,TTTAGGACATTTTTGATGAAAGGTTGGATC
0,0,0.3368009,0.904624176,0.5437,0.183530867,0.28838918,0.181378935,0.17774844,0.488887982,52.96841078,0.5010724,0.568503265,GGATTCAACCAAACTAAGTAAGG,AGTGGGATTCAACCAAACTAAGTAAGGCAG
0,0,0.18475413,0.43707234,0.40175,0.137781441,0.64594877,0.291858585,0.11423051,0.505223052,57.72757298,0.43163323,0.38219988,GGTCAACTATTTAGTAGAGTAGG,ATATGGTCAACTATTTAGTAGAGTAGGCAG
0,0,0.17745848,0.91309374,0.63396,0.607241273,0.6762606,0.111597603,0.16649902,0.694646207,66.78778369,0.5086372,0.604789607,GGTCAGGATGAGTCAGTGTGCGG,CAAGGGTCAGGATGAGTCAGTGTGCGGACA
0,0,0.16969582,0.283153096,0.35792,0.30662626,0.07562399,0.201001658,0.20553899,0.459892571,53.43323001,0.3414594,0.317665372,GGACAACCTATCGCAACGTTTGG,GGTAGGACAACCTATCGCAACGTTTGGACC
0,0,0.3704009,0.478356162,0.48177,0.358294368,0.21195406,0.244128042,0.2680431,0.468353338,60.930528,0.41059414,0.4497201,GGCGGGTATTCATTGTGCCCAGG,CACCGGCGGGTATTCATTGTGCCCAGGGGA
0,0,0.12098698,0.424435771,0.32162,0.53259176,0.63122785,0.111597603,0.13705412,0.363963214,55.41320467,0.38568056,0.307751491,GGAAACCGAGCGAGGGAGATCGG,CCGCGGAAACCGAGCGAGGGAGATCGGGAG
0,0,0.17397216,1.219127333,0.68611,0.58513701,0.5635839,0.267694265,0.26529938,0.686442266,62.28453846,0.5214686,0.69141294,GGACTGGTCAGATGTACATGAGG,GCAAGGACTGGTCAGATGTACATGAGGAAG
0,0,0.18765822,0.406372806,0.56808,0.370190293,0.4808463,0.184900647,0.20293498,0.605973796,64.45824316,0.45500055,0.442021206,GGTTTACTTCTACCAGCCCTCGG,AGTTGGTTTACTTCTACCAGCCCTCGGACC
0.29,0.3625,0.08431457,1.187248564,0.52589,0.403173,0.5455217,0.258747569,0.3630783,0.699415513,72.22569022,0.561992,0.624217162,GGCTGGCGCACAATTACAGGAGG,TCTGGGCTGGCGCACAATTACAGGAGGTCA
0,0,0.3206463,0.604568386,0.35882,0.207945973,0.45749968,0.250942556,0.3454694,0.534136286,61.71349531,0.45169404,0.454542743,GGTTAATCTTGAAAAGGTGATGG,TGATGGTTAATCTTGAAAAGGTGATGGTTA
0,0,0.27462187,0.091400191,0.25886,0.261025131,0.6403332,0.181526424,0.18300635,0.36279249,53.72209968,0.33773395,0.246918638,GGGTGAATTCCTTCGGTCTTGGG,ATGTGGGTGAATTCCTTCGGTCTTGGGCTC
0,0,0.24460769,0.467085713,0.19406,0.305322558,0.60254943,0.111597603,0.095605224,0.467724893,56.29055361,0.4107343,0.343369574,GCGAACTGCCTGTTCCCATAAGG,ATCTGCGAACTGCCTGTTCCCATAAGGTCC
0,0,0.13685338,0.54690688,0.32191,0.252535671,0.5290606,0.183144427,0.119250745,0.534810188,61.09732506,0.4402106,0.385120112,GACACGTTGTTTCTGTGCAAAGG,GTCAGACACGTTGTTTCTGTGCAAAGGAAA
0,0,0.13592798,0.848914015,0.63811,0.634485126,0.6015021,0.202667228,0.16615444,0.62159201,60.33051021,0.43659624,0.561136001,GTCTGTACCAGTGGTGATGGAGG,ATCTGTCTGTACCAGTGGTGATGGAGGAGT
0,0,0.17303413,0.878797537,0.61553,0.484658241,0.500806,0.193434078,0.21099973,0.659588479,61.76262779,0.4965197,0.581737537,GCTGGTGACCACATCCTGCAAGG,TTTGGCTGGTGACCACATCCTGCAAGGATG
0.5,0.625,0.16089948,0.568519074,0.5015,0.593811691,0.39528453,0.111597603,0.15167359,0.622727915,57.51985451,0.48668376,0.463411617,GGGCCGTAGAAGGCAGTGAAAGG,AATCGGGCCGTAGAAGGCAGTGAAAGGTGA
0.33,0.4125,0.13722092,0.244763184,0.39211,0.431468606,0.5642302,0.186243431,0.110453606,0.423243115,53.22265444,0.31324974,0.299334305,GGAGTGATGAGCCAGTCATCAGG,GGAGGGAGTGATGAGCCAGTCATCAGGGCT
0.33,0.4125,0.26436627,0.77306565,0.62594,0.411913335,0.5770855,0.29697354,0.22126833,0.650898692,66.30981908,0.46111357,0.578567653,GTGAGACAGAGGGTTAGCCATGG,CTCTGTGAGACAGAGGGTTAGCCATGGGAG
0,0,0.12405679,0.287801808,0.17853,0.175691992,0.5958775,0.111597603,0.1037699,0.34320232,54.0249385,0.3721958,0.233397729,GCGCACTGGCGTCGCTCATACGG,GGCAGCGCACTGGCGTCGCTCATACGGCCG
0,0,0.09005611,0.059121078,0.17411,0.228985995,0.613502,0.111597603,0.11043465,0.353615077,57.36453896,0.32431325,0.169225566,GGCTCGTGACACTTGTCAATCGG,GATTGGCTCGTGACACTTGTCAATCGGGCC
0,0,0.13892624,0.022203514,0.17867,0.543033421,0.31814837,0.183386847,0.16883332,0.366688852,53.20254089,0.29862392,0.176622152,GTGCAAGGTTTGACCTGGTCAGG,GAAGGTGCAAGGTTTGACCTGGTCAGGGCT
0,0,0.16789797,0.313728732,0.27337,0.405029625,0.07562399,0.111597603,0.15408209,0.467071013,53.76926326,0.37302697,0.305516929,GTCCGCCGTTGACGTCATACAGG,ATGGGTCCGCCGTTGACGTCATACAGGCTT
0.33,0.4125,0.14456785,0.286305028,0.18422,0.287428021,0.32076418,0.184355538,0.124768674,0.427857048,59.67992655,0.38066196,0.260737482,GTTATTTTGGTTACCCAGGCAGG,CTAAGTTATTTTGGTTACCCAGGCAGGTTA
0,0,0.09469777,0.475635526,0.46509,0.009933889,0.32312724,0.170950418,0.1589303,0.558664626,56.21013691,0.41825143,0.398521981,GAATAATGGATCTAGCGAGCTGG,CGATGAATAATGGATCTAGCGAGCTGGTAA
0,0,0.1723783,0.899230599,0.70617,0.592230856,0.44440633,0.304238088,0.16236588,0.657780205,66.42244803,0.49267992,0.608889776,GGACCTGGATCTCAGATGAGTGG,GATAGGACCTGGATCTCAGATGAGTGGTTT
0,0,0.33769333,0.743929279,0.49215,0.423004508,0.43061492,0.111597603,0.32946098,0.483436333,60.78706233,0.43990758,0.514302236,GGCAGGTCTTCACTTACCATTGG,TCTTGGCAGGTCTTCACTTACCATTGGCCA
0.5,0.625,0.15580896,0.803240526,0.49862,0.526900709,0.5790703,0.322837051,0.14816019,0.515025074,55.6329089,0.44078073,0.49317364,GGACCAGCTGTCAGCTTGAGTGG,GGGTGGACCAGCTGTCAGCTTGAGTGGCCC
0,0,0.11718291,0.652689224,0.45301,0.347452968,0.3556519,0.111597603,0.1538068,0.499920144,65.91806197,0.44467083,0.43070057,GGGCCACTCAAGCTGACAGCTGG,CACTGGGCCACTCAAGCTGACAGCTGGTCC
0,0,0.4598192,1.178368771,0.49417,0.519346058,0.7134456,0.111597603,0.10201773,0.732673707,74.84957268,0.53031,0.716257919,GTAAGAAAGGACACAACAGGTGG,ACAGGTAAGAAAGGACACAACAGGTGGATC
0.25,0.3125,0.2596582,0.52937234,0.39458,0.227905244,0.29151106,0.307946129,0.15430403,0.49253019,64.63546627,0.44667614,0.419035183,GCCTTAAACACATTCTTCGCCGG,TGCAGCCTTAAACACATTCTTCGCCGGCAC
0.25,0.3125,0.31145498,0.82085737,0.64441,0.671581507,0.7626879,0.290515231,0.21598253,0.734283298,56.55375168,0.53391415,0.627751412,GCGGTATGGAAGTCTGTGTGGGG,GTGAGCGGTATGGAAGTCTGTGTGGGGTGT
0,0,0.25633463,0.230229621,0.14207,0.222171813,0.25287104,0.111597603,0.17002708,0.447915042,46.67042482,0.30799878,0.269137323,GAAGGCTAAATTTGTCAATCAGG,TGCAGAAGGCTAAATTTGTCAATCAGGAAC
0,0,0.10836047,0.118506531,0.08478,0.341154039,0.48496336,0.111597603,0.12678927,0.407486125,50.4892583,0.30342105,0.179783282,GTTTACATTTTGCCAGTGTTGGG,TTGTGTTTACATTTTGCCAGTGTTGGGGAA
0.33,0.4125,0.09615782,0.571723029,0.41429,0.165653825,0.2440184,0.111746954,0.14857155,0.554691747,48.24196303,0.44738808,0.409215649,GAATTATGGGACAATATAGATGG,GTGAGAATTATGGGACAATATAGATGGTGG
0,0,0.11055505,0.736811554,0.57485,0.35749343,0.19780518,0.180350877,0.16535118,0.562041961,58.18690618,0.41925976,0.496064641,GTGTGGAAGTATCGTCATGCAGG,GTCAGTGTGGAAGTATCGTCATGCAGGAGA
0,0,0.14761609,0.84165616,0.62435,0.52551651,0.48464793,0.236696857,0.26718327,0.635263828,70.21925268,0.48674133,0.56222152,GACCCAATACAGCGGAGTCGGGG,CGCAGACCCAATACAGCGGAGTCGGGGAAA
0,0,0.16872944,1.247619903,0.76696,0.613154948,0.39161485,0.236064447,0.2558682,0.687340574,72.68787617,0.5936983,0.717662479,GTCACGCAGACCCAATACAGCGG,TGACGTCACGCAGACCCAATACAGCGGAGT
0,0,0.1325885,0.554526198,0.52981,0.463197321,0.5797857,0.111597603,0.1171065,0.557838687,55.01315122,0.40888694,0.443690846,GAGCGCGTGCTCTGAGCACATGG,CGCGGAGCGCGTGCTCTGAGCACATGGAAG
0,0,0.27350202,0.771433675,0.52969,0.567480206,0.30356607,0.216125186,0.22536448,0.502926081,61.14320134,0.4559447,0.519387944,GTGCTCTGAGCACATGGAAGAGG,GCGCGTGCTCTGAGCACATGGAAGAGGGCT
0,0,0.09789923,0.543584278,0.29981,0.16813764,0.34885043,0.296850064,0.14517441,0.520496257,56.42569313,0.42040014,0.365447441,GACACAATCAAATCTTAGATAGG,CAATGACACAATCAAATCTTAGATAGGCAG
0.125,0.15625,0.4326394,0.846203578,0.62716,0.593800664,0.5930243,0.285085715,0.18978134,0.744703771,58.77873839,0.53561693,0.662676687,GAAGATGTTGTGGTGCAATGTGG,CAGTGAAGATGTTGTGGTGCAATGTGGCTG
0,0,0.14152092,0.626943505,0.28734,0.27440545,0.31330937,0.111597603,0.15680775,0.498179723,58.53388438,0.38946387,0.388496037,GCATTTATTGTTTCCATGCACGG,GCATGCATTTATTGTTTCCATGCACGGAAT
0.25,0.3125,0.23999597,0.751207483,0.46854,0.500955462,0.6846771,0.111597603,0.13353613,0.515682613,64.61044615,0.3782386,0.493856516,GCTACACAGTTAAGGGGTGGGGG,GGATGCTACACAGTTAAGGGGTGGGGGGGT
0.25,0.3125,0.14216773,0.73583262,0.49563,0.644421697,0.7709906,0.184878422,0.21433946,0.518682632,62.1719082,0.48332357,0.473078245,GGGGGGGTCAACAGAGGGTACGG,GGGTGGGGGGGTCAACAGAGGGTACGGCCA
0,0,0.24706006,0.296731377,0.50715,0.521381557,0.63873184,0.243071416,0.2648199,0.449508785,55.68154633,0.39671096,0.375112555,GCAGTCGGAGAAAGAGGATTAGG,GGTGGCAGTCGGAGAAAGAGGATTAGGAGA
0,0,0.10655674,0.803273565,0.60708,0.6043154,0.63339615,0.304149294,0.20609364,0.532207879,61.45399283,0.48356465,0.512279546,GTGCTGGTGGCTCAGAGAAGTGG,AGCTGTGCTGGTGGCTCAGAGAAGTGGACT
0,0,0.41153127,0.062095636,0.20097,0.216664493,0.23228884,0.111597603,0.29071277,0.247045594,48.38394223,0.27000925,0.230410625,GCATCTGCGTACAGGAGTTTTGG,CAATGCATCTGCGTACAGGAGTTTTGGGGT
0.66,0.825,0.32378134,1.077981555,0.66308,0.65883559,0.7229204,0.309946266,0.24412964,0.651816987,71.4938481,0.58602697,0.679164971,GATTAGCCAGTTGTCCACTGGGG,TTCTGATTAGCCAGTTGTCCACTGGGGTTT
0,0,0.14566162,0.763872725,0.55931,0.426391721,0.59946996,0.302186387,0.13565305,0.564155466,57.07442286,0.43560934,0.508249953,GGGTCCTAAGGTGAATCTGATGG,ATGAGGGTCCTAAGGTGAATCTGATGGATT
0,0,0.1828896,0.191105279,0.1161,0,0.2137666,0.111597603,0.10448754,0.438838869,56.38123909,0.34675583,0.232233437,GAGACATATTTTTGCCCAGCAGG,GAAGGAGACATATTTTTGCCCAGCAGGTAC
0,0,0.13883519,0.545321724,0.32795,0.537276506,0.5227158,0.234253666,0.16149867,0.415762164,54.17374904,0.344378,0.356967269,GACTGAGCTGGTTTCCCTCTGGG,CCAAGACTGAGCTGGTTTCCCTCTGGGATT
0.33,0.4125,0.22900073,0.591932827,0.52456,0.411503136,0.048600644,0.111597603,0.29237342,0.465781585,55.76828131,0.4147117,0.452818786,GAGGGAAACCAGCTCAGTCTTGG,CCCAGAGGGAAACCAGCTCAGTCTTGGCCT
0.33,0.4125,0.13311072,0.435939351,0.3622,0.493872017,0.45822877,0.182023685,0.2858643,0.348823022,49.40324477,0.44545314,0.320018273,GTCTGCTGTCATGTCATTTGAGG,ACTGGTCTGCTGTCATGTCATTTGAGGGTC
0,0,0.17976402,0.279198748,0.4647,0.20276621,0.28715754,0.180350877,0.37087476,0.524234392,53.60736672,0.39131996,0.36197429,GCTTTCTGTCAGTGAGTGACAGG,TAATGCTTTCTGTCAGTGAGTGACAGGTTG
0,0,0.24261108,1.293978679,0.68997,0.599910915,0.62944674,0.275081207,0.22051859,0.732655051,70.70740891,0.56192493,0.739803703,GTGCTGCTGTGAGCACATGGAGG,GCGCGTGCTGCTGTGAGCACATGGAGGAGA
0,0,0.4278082,0.302401552,0.1836,0.286653548,0.14284408,0.111597603,0.123098016,0.301714522,49.71761463,0.32943296,0.303881068,GGCGAGTCAGCTCACTTTCCAGG,CTTGGGCGAGTCAGCTCACTTTCCAGGTGA
0.33,0.4125,0.14811507,0.445509017,0.34919,0.21394676,0.47404602,0.111597603,0.14766508,0.528925428,55.98861858,0.38102493,0.367934879,GTGCTCATGATTTGTGCCACAGG,CAATGTGCTCATGATTTGTGCCACAGGTGT
0,0,0.15633254,0.943811727,0.40437,0.207492977,0.34604156,0.23243043,0.15992779,0.616597077,57.0123594,0.48966137,0.530277836,GAATTAAATCTTTACACCTGTGG,AGCGGAATTAAATCTTTACACCTGTGGCAC
0,0,0.38475657,0.790721512,0.59331,0.138263583,0.4416825,0.25426257,0.23713565,0.595029051,60.73680075,0.47249398,0.590954283,GATGTAACTCGATTACTGAATGG,TTGGGATGTAACTCGATTACTGAATGGAAT
0,0,0.1313001,0.279288799,0.24418,0.239842087,0.07562399,0.162061486,0.1897802,0.497438179,52.6973547,0.3597733,0.288051769,GACTGCTTGTAAACTTCACTTGG,AACTGACTGCTTGTAAACTTCACTTGGACA
0,0,0.4702355,0.787837422,0.43734,0.298716784,0.536397,0.193669593,0.11775735,0.671803585,60.78881955,0.51268214,0.591804127,GCTCTCAAAGTTGAGCACAAAGG,GCCTGCTCTCAAAGTTGAGCACAAAGGGGG
0.25,0.3125,0.26348186,0.421262327,0.34587,0.380182207,0.66459405,0.221891281,0.26517475,0.386647127,47.41071098,0.39400026,0.354315328,GACATCCTGACGTAGGTAAATGG,AGATGACATCCTGACGTAGGTAAATGGTTT
0,0,0.16415581,0.866320834,0.58219,0.607207954,0.5487014,0.243118756,0.15048301,0.48544821,71.85996086,0.49529457,0.524528713,GGTGGGGTCATGCGTGAAAGGGG,AAGGGGTGGGGTCATGCGTGAAAGGGGCGT
0,0,0.22957484,0.454914424,0.3221,0.547405303,0.7790838,0.307122855,0.17081505,0.481963501,52.39889552,0.41758195,0.372138191,GGGGTGGGGTCATGCGTGAAAGG,ACAAGGGGTGGGGTCATGCGTGAAAGGGGC
0,0,0.14286166,0.596701469,0.35877,0.519185901,0.59159005,0.111597603,0.11156362,0.395487405,61.5220325,0.40782955,0.373455133,GGGTGGGGTCATGCGTGAAAGGG,CAAGGGGTGGGGTCATGCGTGAAAGGGGCG
0.25,0.3125,0.13749164,0.837797385,0.3944,0.486234158,0.5222287,0.210298264,0.16590461,0.503641341,69.78691407,0.44194427,0.468332592,GCATGATATCGGACAAGGGGTGG,AAGTGCATGATATCGGACAAGGGGTGGGGT
0.25,0.3125,0.44285178,0.218048495,0.33913,0.344636649,0.5429153,0.111597603,0.11266023,0.45429932,57.88835219,0.4018153,0.363582399,GTAAGATCATGGGTCCATACTGG,TTCTGTAAGATCATGGGTCCATACTGGTTC
0,0,0.13179822,0.374248561,0.27756,0.106981635,0.05082801,0.111597603,0.12600508,0.468230581,47.90390757,0.35079536,0.31295934,GACTGAATTCTGTAAGATCATGG,ACTTGACTGAATTCTGTAAGATCATGGGTC
0,0,0.40785164,0.362668452,0.05424,0.109183431,0.4105025,0.253994198,0.26953983,0.318351528,49.61153177,0.34608987,0.285777905,GTCCGACAATAAATTGAATTGGG,ATCAGTCCGACAATAAATTGAATTGGGTTT
0,0,0.4409931,0.754399225,0.64151,0.414850146,0.5049897,0.277762773,0.35293773,0.554816752,58.72051272,0.50355977,0.597929769,GGACTGACTTCCTTAAAATGTGG,ATTGGGACTGACTTCCTTAAAATGTGGAAA
0,0,0.16656071,0.254090518,0.1199,0.135999858,0.20583251,0.111597603,0.28090006,0.390820175,53.09131859,0.40637168,0.232842851,GGAGATGAATCCTTTTTAGATGG,TTGGGGAGATGAATCCTTTTTAGATGGACT
0,0,0.18698251,0.512928258,0.5429,0.492691457,0.5314386,0.234041177,0.13636231,0.567828102,61.07965545,0.42646322,0.452659717,GGGAGTGAAGCGACTGACGCTGG,GAATGGGAGTGAAGCGACTGACGCTGGTAG
0.33,0.4125,0.20141417,0.841892117,0.70135,0.56027019,0.5776372,0.187710278,0.37032914,0.610878632,57.69065824,0.4623092,0.58888373,GTGAAGCGACTGACGCTGGTAGG,GGGAGTGAAGCGACTGACGCTGGTAGGTCA
0,0,0.51732457,1.078164649,0.72466,0.441465497,0.5746086,0.241869528,0.22040007,0.65846467,71.2366209,0.5721771,0.744653472,GTTAAGTCACGGTGGCACGGTGG,ACTGGTTAAGTCACGGTGGCACGGTGGCTC
0,0,0.15045024,0.15137473,0.39006,0.492925286,0.57768804,0.286559675,0.4662552,0.360218995,45.03858476,0.36474445,0.263025991,GGAGGGTGAATGAGAGTATATGG,AGTGGGAGGGTGAATGAGAGTATATGGGTG
0.5,0.625,0.20776156,0.449534032,0.433,0.519583821,0.63754195,0.112813799,0.2895562,0.429586261,54.49530752,0.40145063,0.379970463,GAGGGTGAATGAGAGTATATGGG,GTGGGAGGGTGAATGAGAGTATATGGGTGT
0,0,0.36520767,0.669500476,0.53655,0.625368953,0.39518523,0.126926917,0.1255267,0.578341197,75.13260311,0.50061154,0.537399836,GCTGTAGTGTGTAAGTGGGAGGG,GTTGGCTGTAGTGTGTAAGTGGGAGGGTGA
0,0,0.24609588,0.979661953,0.52604,0.516237617,0.54177254,0.299833069,0.17357138,0.539505012,65.56855806,0.45515394,0.572825711,GGCGCTCTCAGGCTCCGAGACGG,GCACGGCGCTCTCAGGCTCCGAGACGGGAC
0,0,0.18951783,0.562887645,0.59645,0.522971869,0.3691824,0.290278962,0.3077157,0.485367369,61.1222431,0.41166553,0.458555711,GGCTACGGACAGAGAACGGCAGG,CATCGGCTACGGACAGAGAACGGCAGGGTG
0.05,0.0625,0.2622634,0.777747613,0.45153,0.632637262,0.6966516,0.18462396,0.15854421,0.53577819,66.99971584,0.49830866,0.506829801,GGACAGAGAACGGCAGGGTGGGG,CTACGGACAGAGAACGGCAGGGTGGGGAGC
0.2,0.25,0.227267,1.181814575,0.6438,0.67343843,0.65466416,0.310274851,0.15894979,0.508013235,65.26601966,0.5137702,0.640223703,GGAGGGAAAGGAGAGAAGGTGGG,CGGAGGAGGGAAAGGAGAGAAGGTGGGGGC
0,0,0.30034694,0.902129209,0.52134,0.571769476,0.3505267,0.270793506,0.26756516,0.580935196,62.2851825,0.44834557,0.576187836,GGAGGATCCACACGTGGATGAGG,GTGAGGAGGATCCACACGTGGATGAGGTGA
0,0,0.4113339,0.775325835,0.61371,0.208699822,0.19148818,0.111597603,0.13393334,0.705387324,75.74317408,0.4968257,0.626439265,GGACAAACAAGAACGTCACAGGG,TACTGGACAAACAAGAACGTCACAGGGCAA
0.12,0.15,0.13755247,0.746534932,0.59038,0.483040512,0.62297124,0.111597603,0.106031984,0.488269265,64.32490358,0.49525163,0.490684167,GGCTTGGCCCCGGTCCAGCACGG,GGGGGGCTTGGCCCCGGTCCAGCACGGTCA
0,0,0.37110838,0.503838962,0.52882,0.494679153,0.47012162,0.237605795,0.10456991,0.582007865,57.52036568,0.46441802,0.496443802,GGGGGATCCCATTAGGTAGGTGG,CAATGGGGGATCCCATTAGGTAGGTGGATT
0.26,0.325,0.25312784,1.056543428,0.5281,0.649211824,0.68208194,0.320283636,0.13692704,0.436985941,49.43583943,0.5826346,0.568689302,GGGGTCCGGGACCCTCGTGGCGG,TGCGGGGGTCCGGGACCCTCGTGGCGGCGG
0,0,0.27265197,0.555468142,0.5949,0.443264425,0.5490962,0.237723002,0.16579074,0.577805144,59.70186617,0.42454472,0.500206314,GGTGTACAACACATGAAGTCCGG,GATTGGTGTACAACACATGAAGTCCGGCCT
0,0,0.079156086,0.078089494,0.07677,0,0.17993657,0.17318162,0.1054782,0.387890273,48.19405132,0.3049961,0.155476463,GGACCATAGCTGATTTTAGCTGG,TCCTGGACCATAGCTGATTTTAGCTGGGCT
0,0,0.22183423,0.841796374,0.67389,0.424651802,0.4301945,0.154952377,0.22481078,0.603127362,58.68342152,0.48017263,0.585161992,GGATTTGAGACACTGATGAATGG,CCACGGATTTGAGACACTGATGAATGGTGC
0.065,0.08125,0.27349168,0.605249995,0.4562,0.629154861,0.6072977,0.313666661,0.1953434,0.608634667,57.27422081,0.5007385,0.485894086,GGGAGCAGGAATCCGGAATGTGG,ATTTGGGAGCAGGAATCCGGAATGTGGAGG
0,0,0.08695318,0.274873295,0.21883,0.346004844,0.63398516,0.111597603,0.11345899,0.402137311,51.44001533,0.32211527,0.245698447,GGTGTCCAGTTCTGCGGAAATGG,AGGAGGTGTCCAGTTCTGCGGAAATGGGCT
0.07,0.0875,0.23443653,0.034019351,0.08911,0.330359012,0.5955066,0.111597603,0.11824533,0.330723499,48.55905959,0.2998137,0.172072345,GTTGTCTGGTTGTCGTAATTCGG,CTTTGTTGTCTGGTTGTCGTAATTCGGATC
0,0,0.23432207,0.429250467,0.24992,0.52384901,0.6266786,0.111597603,0.11949915,0.427488603,55.50767663,0.40164384,0.335245285,GGAGGCGACGGCGCCTGTAATGG,ATAGGGAGGCGACGGCGCCTGTAATGGAAA
